year,cheese,category,lbs_per_person
1970,Cheddar,American,5.79
1971,Cheddar,American,5.91
1972,Cheddar,American,6.01
1973,Cheddar,American,6.07
1974,Cheddar,American,6.31
1975,Cheddar,American,6.04
1976,Cheddar,American,6.45
1977,Cheddar,American,6.8
1978,Cheddar,American,6.94
1979,Cheddar,American,6.93
1980,Cheddar,American,6.84
1981,Cheddar,American,7.03
1982,Cheddar,American,8.72
1983,Cheddar,American,9.11
1984,Cheddar,American,9.54
1985,Cheddar,American,9.77
1986,Cheddar,American,9.77
1987,Cheddar,American,10.61
1988,Cheddar,American,9.52
1989,Cheddar,American,9.18
1990,Cheddar,American,9.05
1991,Cheddar,American,9.04
1992,Cheddar,American,9.17
1993,Cheddar,American,9.07
1994,Cheddar,American,9.05
1995,Cheddar,American,9.04
1996,Cheddar,American,9.19
1997,Cheddar,American,9.51
1998,Cheddar,American,9.6
1999,Cheddar,American,10.01
2000,Cheddar,American,9.87
2001,Cheddar,American,9.89
2002,Cheddar,American,9.76
2003,Cheddar,American,9.38
2004,Cheddar,American,10.2
2005,Cheddar,American,10.15
2006,Cheddar,American,10.43
2007,Cheddar,American,10.11
2008,Cheddar,American,10.22
2009,Cheddar,American,10.24
2010,Cheddar,American,10.06
2011,Cheddar,American,9.59
2012,Cheddar,American,9.59
2013,Cheddar,American,9.64
2014,Cheddar,American,9.85
2015,Cheddar,American,10.17
2016,Cheddar,American,10.39
2017,Cheddar,American,11.07
1970,American Other,American,1.2
1971,American Other,American,1.42
1972,American Other,American,1.67
1973,American Other,American,1.76
1974,American Other,American,2.16
1975,American Other,American,2.11
1976,American Other,American,2.44
1977,American Other,American,2.42
1978,American Other,American,2.59
1979,American Other,American,2.67
1980,American Other,American,2.78
1981,American Other,American,3.12
1982,American Other,American,2.58
1983,American Other,American,2.5
1984,American Other,American,2.31
1985,American Other,American,2.41
1986,American Other,American,2.35
1987,American Other,American,1.8
1988,American Other,American,1.97
1989,American Other,American,1.85
1990,American Other,American,2.07
1991,American Other,American,1.99
1992,American Other,American,2.09
1993,American Other,American,2.24
1994,American Other,American,2.38
1995,American Other,American,2.65
1996,American Other,American,2.62
1997,American Other,American,2.3
1998,American Other,American,2.38
1999,American Other,American,2.69
2000,American Other,American,2.82
2001,American Other,American,2.93
2002,American Other,American,3.07
2003,American Other,American,3.18
2004,American Other,American,2.66
2005,American Other,American,2.5
2006,American Other,American,2.63
2007,American Other,American,2.68
2008,American Other,American,2.91
2009,American Other,American,3.12
2010,American Other,American,3.24
2011,American Other,American,3.45
2012,American Other,American,3.66
2013,American Other,American,3.71
2014,American Other,American,3.8
2015,American Other,American,3.86
2016,American Other,American,3.95
2017,American Other,American,3.99
1970,Mozzarella,Other,1.19
1971,Mozzarella,Other,1.38
1972,Mozzarella,Other,1.57
1973,Mozzarella,Other,1.76
1974,Mozzarella,Other,1.86
1975,Mozzarella,Other,2.11
1976,Mozzarella,Other,2.31
1977,Mozzarella,Other,2.46
1978,Mozzarella,Other,2.68
1979,Mozzarella,Other,2.8
1980,Mozzarella,Other,3.01
1981,Mozzarella,Other,2.96
1982,Mozzarella,Other,3.24
1983,Mozzarella,Other,3.66
1984,Mozzarella,Other,4.02
1985,Mozzarella,Other,4.6
1986,Mozzarella,Other,5.17
1987,Mozzarella,Other,5.6
1988,Mozzarella,Other,5.99
1989,Mozzarella,Other,6.4
1990,Mozzarella,Other,6.88
1991,Mozzarella,Other,7.15
1992,Mozzarella,Other,7.63
1993,Mozzarella,Other,7.42
1994,Mozzarella,Other,7.76
1995,Mozzarella,Other,7.89
1996,Mozzarella,Other,8.22
1997,Mozzarella,Other,8.16
1998,Mozzarella,Other,8.33
1999,Mozzarella,Other,8.74
2000,Mozzarella,Other,9.05
2001,Mozzarella,Other,9.35
2002,Mozzarella,Other,9.38
2003,Mozzarella,Other,9.45
2004,Mozzarella,Other,9.68
2005,Mozzarella,Other,9.93
2006,Mozzarella,Other,10.11
2007,Mozzarella,Other,10.66
2008,Mozzarella,Other,10.1
2009,Mozzarella,Other,10.08
2010,Mozzarella,Other,10.58
2011,Mozzarella,Other,10.83
2012,Mozzarella,Other,10.69
2013,Mozzarella,Other,10.73
2014,Mozzarella,Other,11.17
2015,Mozzarella,Other,11.27
2016,Mozzarella,Other,11.73
2017,Mozzarella,Other,11.57
1970,Italian Other,Italian,0.87
1971,Italian Other,Italian,0.92
1972,Italian Other,Italian,1.02
1973,Italian Other,Italian,1.03
1974,Italian Other,Italian,1.09
1975,Italian Other,Italian,1.12
1976,Italian Other,Italian,1.24
1977,Italian Other,Italian,1.26
1978,Italian Other,Italian,1.37
1979,Italian Other,Italian,1.42
1980,Italian Other,Italian,1.42
1981,Italian Other,Italian,1.47
1982,Italian Other,Italian,1.54
1983,Italian Other,Italian,1.59
1984,Italian Other,Italian,1.72
1985,Italian Other,Italian,1.82
1986,Italian Other,Italian,1.79
1987,Italian Other,Italian,2.01
1988,Italian Other,Italian,2.12
1989,Italian Other,Italian,2.06
1990,Italian Other,Italian,2.04
1991,Italian Other,Italian,2.13
1992,Italian Other,Italian,2.24
1993,Italian Other,Italian,2.23
1994,Italian Other,Italian,2.3
1995,Italian Other,Italian,2.14
1996,Italian Other,Italian,2.14
1997,Italian Other,Italian,2.41
1998,Italian Other,Italian,2.36
1999,Italian Other,Italian,2.28
2000,Italian Other,Italian,2.36
2001,Italian Other,Italian,2.34
2002,Italian Other,Italian,2.43
2003,Italian Other,Italian,2.55
2004,Italian Other,Italian,2.61
2005,Italian Other,Italian,2.73
2006,Italian Other,Italian,2.82
2007,Italian Other,Italian,2.92
2008,Italian Other,Italian,2.95
2009,Italian Other,Italian,2.95
2010,Italian Other,Italian,2.97
2011,Italian Other,Italian,3.15
2012,Italian Other,Italian,3.11
2013,Italian Other,Italian,3.1
2014,Italian Other,Italian,3.02
2015,Italian Other,Italian,3.2
2016,Italian Other,Italian,3.49
2017,Italian Other,Italian,3.49
1970,Swiss,Other,0.88
1971,Swiss,Other,0.94
1972,Swiss,Other,1.06
1973,Swiss,Other,1.06
1974,Swiss,Other,1.18
1975,Swiss,Other,1.09
1976,Swiss,Other,1.25
1977,Swiss,Other,1.21
1978,Swiss,Other,1.33
1979,Swiss,Other,1.35
1980,Swiss,Other,1.32
1981,Swiss,Other,1.27
1982,Swiss,Other,1.29
1983,Swiss,Other,1.25
1984,Swiss,Other,1.24
1985,Swiss,Other,1.28
1986,Swiss,Other,1.29
1987,Swiss,Other,1.23
1988,Swiss,Other,1.28
1989,Swiss,Other,1.23
1990,Swiss,Other,1.35
1991,Swiss,Other,1.21
1992,Swiss,Other,1.18
1993,Swiss,Other,1.18
1994,Swiss,Other,1.14
1995,Swiss,Other,1.09
1996,Swiss,Other,1.07
1997,Swiss,Other,0.99
1998,Swiss,Other,1.01
1999,Swiss,Other,1.09
2000,Swiss,Other,1.02
2001,Swiss,Other,1.12
2002,Swiss,Other,1.09
2003,Swiss,Other,1.13
2004,Swiss,Other,1.2
2005,Swiss,Other,1.24
2006,Swiss,Other,1.23
2007,Swiss,Other,1.24
2008,Swiss,Other,1.1
2009,Swiss,Other,1.16
2010,Swiss,Other,1.18
2011,Swiss,Other,1.14
2012,Swiss,Other,1.09
2013,Swiss,Other,1
2014,Swiss,Other,1.02
2015,Swiss,Other,1.05
2016,Swiss,Other,1.06
2017,Swiss,Other,1.05
1970,Brick,Other,0.1
1971,Brick,Other,0.11
1972,Brick,Other,0.1
1973,Brick,Other,0.11
1974,Brick,Other,0.11
1975,Brick,Other,0.09
1976,Brick,Other,0.09
1977,Brick,Other,0.07
1978,Brick,Other,0.08
1979,Brick,Other,0.06
1980,Brick,Other,0.07
1981,Brick,Other,0.06
1982,Brick,Other,0.06
1983,Brick,Other,0.06
1984,Brick,Other,0.07
1985,Brick,Other,0.08
1986,Brick,Other,0.08
1987,Brick,Other,0.12
1988,Brick,Other,0.1
1989,Brick,Other,0.07
1990,Brick,Other,0.07
1991,Brick,Other,0.06
1992,Brick,Other,0.06
1993,Brick,Other,0.05
1994,Brick,Other,0.05
1995,Brick,Other,0.04
1996,Brick,Other,0.04
1997,Brick,Other,0.03
1998,Brick,Other,0.03
1999,Brick,Other,0.03
2000,Brick,Other,0.03
2001,Brick,Other,0.03
2002,Brick,Other,0.03
2003,Brick,Other,0.03
2004,Brick,Other,0.03
2005,Brick,Other,0.03
2006,Brick,Other,0.03
2007,Brick,Other,0.02
2008,Brick,Other,0.02
2009,Brick,Other,0.03
2010,Brick,Other,0.02
2011,Brick,Other,0.03
2012,Brick,Other,0.04
2013,Brick,Other,0.03
2014,Brick,Other,0.01
2015,Brick,Other,0.01
2016,Brick,Other,0.01
2017,Brick,Other,0.01
1970,Muenster,Other,0.17
1971,Muenster,Other,0.19
1972,Muenster,Other,0.22
1973,Muenster,Other,0.21
1974,Muenster,Other,0.23
1975,Muenster,Other,0.24
1976,Muenster,Other,0.25
1977,Muenster,Other,0.25
1978,Muenster,Other,0.27
1979,Muenster,Other,0.28
1980,Muenster,Other,0.31
1981,Muenster,Other,0.29
1982,Muenster,Other,0.3
1983,Muenster,Other,0.3
1984,Muenster,Other,0.32
1985,Muenster,Other,0.34
1986,Muenster,Other,0.37
1987,Muenster,Other,0.38
1988,Muenster,Other,0.34
1989,Muenster,Other,0.37
1990,Muenster,Other,0.4
1991,Muenster,Other,0.42
1992,Muenster,Other,0.45
1993,Muenster,Other,0.45
1994,Muenster,Other,0.43
1995,Muenster,Other,0.41
1996,Muenster,Other,0.39
1997,Muenster,Other,0.37
1998,Muenster,Other,0.34
1999,Muenster,Other,0.28
2000,Muenster,Other,0.3
2001,Muenster,Other,0.28
2002,Muenster,Other,0.28
2003,Muenster,Other,0.27
2004,Muenster,Other,0.25
2005,Muenster,Other,0.26
2006,Muenster,Other,0.31
2007,Muenster,Other,0.33
2008,Muenster,Other,0.37
2009,Muenster,Other,0.36
2010,Muenster,Other,0.36
2011,Muenster,Other,0.44
2012,Muenster,Other,0.45
2013,Muenster,Other,0.48
2014,Muenster,Other,0.47
2015,Muenster,Other,0.5
2016,Muenster,Other,0.52
2017,Muenster,Other,0.53
1970,Cream And Neufchatel,Other,0.61
1971,Cream And Neufchatel,Other,0.62
1972,Cream And Neufchatel,Other,0.63
1973,Cream And Neufchatel,Other,0.66
1974,Cream And Neufchatel,Other,0.7
1975,Cream And Neufchatel,Other,0.74
1976,Cream And Neufchatel,Other,0.77
1977,Cream And Neufchatel,Other,0.8
1978,Cream And Neufchatel,Other,0.89
1979,Cream And Neufchatel,Other,0.94
1980,Cream And Neufchatel,Other,1
1981,Cream And Neufchatel,Other,1.04
1982,Cream And Neufchatel,Other,1.12
1983,Cream And Neufchatel,Other,1.15
1984,Cream And Neufchatel,Other,1.17
1985,Cream And Neufchatel,Other,1.22
1986,Cream And Neufchatel,Other,1.33
1987,Cream And Neufchatel,Other,1.41
1988,Cream And Neufchatel,Other,1.53
1989,Cream And Neufchatel,Other,1.61
1990,Cream And Neufchatel,Other,1.71
1991,Cream And Neufchatel,Other,1.75
1992,Cream And Neufchatel,Other,2
1993,Cream And Neufchatel,Other,2.06
1994,Cream And Neufchatel,Other,2.15
1995,Cream And Neufchatel,Other,2.04
1996,Cream And Neufchatel,Other,2.11
1997,Cream And Neufchatel,Other,2.25
1998,Cream And Neufchatel,Other,2.2
1999,Cream And Neufchatel,Other,2.26
2000,Cream And Neufchatel,Other,2.39
2001,Cream And Neufchatel,Other,2.21
2002,Cream And Neufchatel,Other,2.33
2003,Cream And Neufchatel,Other,2.3
2004,Cream And Neufchatel,Other,2.34
2005,Cream And Neufchatel,Other,2.38
2006,Cream And Neufchatel,Other,2.45
2007,Cream And Neufchatel,Other,2.49
2008,Cream And Neufchatel,Other,2.41
2009,Cream And Neufchatel,Other,2.39
2010,Cream And Neufchatel,Other,2.3
2011,Cream And Neufchatel,Other,2.2
2012,Cream And Neufchatel,Other,2.4
2013,Cream And Neufchatel,Other,2.46
2014,Cream And Neufchatel,Other,2.45
2015,Cream And Neufchatel,Other,2.49
2016,Cream And Neufchatel,Other,2.61
2017,Cream And Neufchatel,Other,2.64
1970,Blue,Other,0.15
1971,Blue,Other,0.15
1972,Blue,Other,0.17
1973,Blue,Other,0.18
1974,Blue,Other,0.16
1975,Blue,Other,0.16
1976,Blue,Other,0.18
1977,Blue,Other,0.18
1978,Blue,Other,0.19
1979,Blue,Other,0.18
1980,Blue,Other,0.17
1981,Blue,Other,0.16
1982,Blue,Other,0.16
1983,Blue,Other,0.16
1984,Blue,Other,0.17
1985,Blue,Other,0.17
1986,Blue,Other,0.17
1987,Blue,Other,0.17
1988,Blue,Other,0.17
1989,Blue,Other,0.16
1990,Blue,Other,0.17
1991,Blue,Other,0.16
1992,Blue,Other,0.15
1993,Blue,Other,0.15
1994,Blue,Other,0.16
1995,Blue,Other,0.16
1996,Blue,Other,0.17
1997,Blue,Other,0.18
1998,Blue,Other,NA
1999,Blue,Other,NA
2000,Blue,Other,NA
2001,Blue,Other,NA
2002,Blue,Other,NA
2003,Blue,Other,NA
2004,Blue,Other,NA
2005,Blue,Other,NA
2006,Blue,Other,NA
2007,Blue,Other,NA
2008,Blue,Other,NA
2009,Blue,Other,NA
2010,Blue,Other,0.3
2011,Blue,Other,0.3
2012,Blue,Other,0.3
2013,Blue,Other,0.32
2014,Blue,Other,0.32
2015,Blue,Other,0.32
2016,Blue,Other,0.31
2017,Blue,Other,0.3
1970,Other Dairy Cheese,Other,0.41
1971,Other Dairy Cheese,Other,0.41
1972,Other Dairy Cheese,Other,0.56
1973,Other Dairy Cheese,Other,0.65
1974,Other Dairy Cheese,Other,0.61
1975,Other Dairy Cheese,Other,0.57
1976,Other Dairy Cheese,Other,0.53
1977,Other Dairy Cheese,Other,0.55
1978,Other Dairy Cheese,Other,0.51
1979,Other Dairy Cheese,Other,0.53
1980,Other Dairy Cheese,Other,0.62
1981,Other Dairy Cheese,Other,0.78
1982,Other Dairy Cheese,Other,0.9
1983,Other Dairy Cheese,Other,0.79
1984,Other Dairy Cheese,Other,0.91
1985,Other Dairy Cheese,Other,0.85
1986,Other Dairy Cheese,Other,0.79
1987,Other Dairy Cheese,Other,0.77
1988,Other Dairy Cheese,Other,0.69
1989,Other Dairy Cheese,Other,0.87
1990,Other Dairy Cheese,Other,0.87
1991,Other Dairy Cheese,Other,1.02
1992,Other Dairy Cheese,Other,0.89
1993,Other Dairy Cheese,Other,1.18
1994,Other Dairy Cheese,Other,1.15
1995,Other Dairy Cheese,Other,1.22
1996,Other Dairy Cheese,Other,0.88
1997,Other Dairy Cheese,Other,0.83
1998,Other Dairy Cheese,Other,1.1
1999,Other Dairy Cheese,Other,1.21
2000,Other Dairy Cheese,Other,1.37
2001,Other Dairy Cheese,Other,1.29
2002,Other Dairy Cheese,Other,1.44
2003,Other Dairy Cheese,Other,1.52
2004,Other Dairy Cheese,Other,1.52
2005,Other Dairy Cheese,Other,1.55
2006,Other Dairy Cheese,Other,1.57
2007,Other Dairy Cheese,Other,1.59
2008,Other Dairy Cheese,Other,1.45
2009,Other Dairy Cheese,Other,1.29
2010,Other Dairy Cheese,Other,1.05
2011,Other Dairy Cheese,Other,1.19
2012,Other Dairy Cheese,Other,1.28
2013,Other Dairy Cheese,Other,1.26
2014,Other Dairy Cheese,Other,1.31
2015,Other Dairy Cheese,Other,1.48
2016,Other Dairy Cheese,Other,1.57
2017,Other Dairy Cheese,Other,1.49
