year,category,product,lbs_per_person
1975,fluid,milk,247
1976,fluid,milk,247
1977,fluid,milk,244
1978,fluid,milk,241
1979,fluid,milk,238
1980,fluid,milk,234
1981,fluid,milk,230
1982,fluid,milk,224
1983,fluid,milk,223
1984,fluid,milk,224
1985,fluid,milk,227
1986,fluid,milk,226
1987,fluid,milk,223
1988,fluid,milk,223
1989,fluid,milk,223
1990,fluid,milk,220
1991,fluid,milk,218
1992,fluid,milk,215
1993,fluid,milk,210
1994,fluid,milk,208
1995,fluid,milk,205
1996,fluid,milk,205
1997,fluid,milk,201
1998,fluid,milk,198
1999,fluid,milk,197
2000,fluid,milk,197
2001,fluid,milk,193
2002,fluid,milk,192
2003,fluid,milk,190
2004,fluid,milk,187
2005,fluid,milk,186
2006,fluid,milk,184
2007,fluid,milk,182
2008,fluid,milk,179
2009,fluid,milk,179
2010,fluid,milk,178
2011,fluid,milk,174
2012,fluid,milk,170
2013,fluid,milk,165
2014,fluid,milk,159
2015,fluid,milk,156
2016,fluid,milk,154
2017,fluid,milk,149
1975,fluid,yogurt,1.9678385724141443
1976,fluid,yogurt,2.1326851193615703
1977,fluid,yogurt,2.3383687721066657
1978,fluid,yogurt,2.448502819147741
1979,fluid,yogurt,2.4438470596076516
1980,fluid,yogurt,2.5030080008431184
1981,fluid,yogurt,2.4351425862953655
1982,fluid,yogurt,2.5841128740503385
1983,fluid,yogurt,3.158249646830867
1984,fluid,yogurt,3.554081269991707
1985,fluid,yogurt,3.9418617329095134
1986,fluid,yogurt,4.155395157302483
1987,fluid,yogurt,4.423320867860497
1988,fluid,yogurt,4.6934752531415675
1989,fluid,yogurt,3.671030395161355
1990,fluid,yogurt,3.8939439975692838
1991,fluid,yogurt,4.102677391486155
1992,fluid,yogurt,4.4064867221499915
1993,fluid,yogurt,4.872144627384681
1994,fluid,yogurt,5.215688060857286
1995,fluid,yogurt,6.137524056768346
1996,fluid,yogurt,5.866494602602469
1997,fluid,yogurt,5.745462806555984
1998,fluid,yogurt,5.925067453778317
1999,fluid,yogurt,6.129741419436149
2000,fluid,yogurt,6.498220514545745
2001,fluid,yogurt,7.020458520411203
2002,fluid,yogurt,8.024852050467711
2003,fluid,yogurt,8.630779034678243
2004,fluid,yogurt,9.227733284500404
2005,fluid,yogurt,10.344843326537518
2006,fluid,yogurt,11.067044163576531
2007,fluid,yogurt,11.552830289946206
2008,fluid,yogurt,11.722527056227294
2009,fluid,yogurt,12.457739395970599
2010,fluid,yogurt,13.439522282091962
2011,fluid,yogurt,13.641549680043651
2012,fluid,yogurt,14.026667019586814
2013,fluid,yogurt,14.93039221160987
2014,fluid,yogurt,14.848826991854075
2015,fluid,yogurt,14.383315774707421
2016,fluid,yogurt,13.733274879198559
2017,fluid,yogurt,13.717086293145046
1975,butter,butter,4.728192875961347
1976,butter,butter,4.31320200885179
1977,butter,butter,4.294180413096681
1978,butter,butter,4.354592627535547
1979,butter,butter,4.491231032414299
1980,butter,butter,4.467509199652214
1981,butter,butter,4.238243914317769
1982,butter,butter,4.351327372646304
1983,butter,butter,4.906797492179064
1984,butter,butter,4.97629766276846
1985,butter,butter,4.872090780237015
1986,butter,butter,4.832487710418822
1987,butter,butter,4.435206998237261
1988,butter,butter,4.485595112255685
1989,butter,butter,4.430606205173404
1990,butter,butter,4.307093854444853
1991,butter,butter,4.376594225481571
1992,butter,butter,4.3241570453183025
1993,butter,butter,4.654112312923864
1994,butter,butter,4.7303709439863955
1995,butter,butter,4.610306858742898
1996,butter,butter,4.293474099445206
1997,butter,butter,4.1871532170923516
1998,butter,butter,4.33776950948624
1999,butter,butter,4.614990313501363
2000,butter,butter,4.47505706898585
2001,butter,butter,4.360243279747758
2002,butter,butter,4.408244363623033
2003,butter,butter,4.446558417023428
2004,butter,butter,4.518233255407454
2005,butter,butter,4.543488897772693
2006,butter,butter,4.680171485991036
2007,butter,butter,4.683704329068831
2008,butter,butter,4.978729894639669
2009,butter,butter,4.95893838235979
2010,butter,butter,4.911843757161643
2011,butter,butter,5.371542721005864
2012,butter,butter,5.50314619030079
2013,butter,butter,5.471001090507981
2014,butter,butter,5.496265268610559
2015,butter,butter,5.603520835304685
2016,butter,butter,5.694830870813367
2017,butter,butter,5.684123393804509
1975,cheese,american,8.14722210646701
1976,cheese,american,8.883105923360928
1977,cheese,american,9.213004962790423
1978,cheese,american,9.525358851674643
1979,cheese,american,9.597205127635466
1980,cheese,american,9.620139992798363
1981,cheese,american,10.150470069488533
1982,cheese,american,11.306777266697676
1983,cheese,american,11.607489319567918
1984,cheese,american,11.853110667321067
1985,cheese,american,12.187188110674057
1986,cheese,american,12.121952537076512
1987,cheese,american,12.40366303685277
1988,cheese,american,11.499328628974661
1989,cheese,american,11.029566349427109
1990,cheese,american,11.127008939280062
1991,cheese,american,11.0335393876754
1992,cheese,american,11.255852608468864
1993,cheese,american,11.312981498914526
1994,cheese,american,11.423723409101264
1995,cheese,american,11.686462480191318
1996,cheese,american,11.80824130711814
1997,cheese,american,11.817627544189063
1998,cheese,american,11.975052237170297
1999,cheese,american,12.700481627779896
2000,cheese,american,12.68966481405584
2001,cheese,american,12.79741666151159
2002,cheese,american,12.831946988235565
2003,cheese,american,12.548659443032783
2004,cheese,american,12.870239692082018
2005,cheese,american,12.662242393606007
2006,cheese,american,13.065612198172914
2007,cheese,american,12.791723846744915
2008,cheese,american,13.131670508070371
2009,cheese,american,13.3553020748826
2010,cheese,american,13.303629640479782
2011,cheese,american,13.034786464407526
2012,cheese,american,13.249871456002387
2013,cheese,american,13.348371627336693
2014,cheese,american,13.654301535536158
2015,cheese,american,14.026698172873154
2016,cheese,american,14.341513814740555
2017,cheese,american,15.055744555095043
1975,cheese,other,6.126409319683478
1976,cheese,other,6.627871671979269
1977,cheese,other,6.781846085389054
1978,cheese,other,7.3096030729833545
1979,cheese,other,7.567656795005665
1980,cheese,other,7.903713234325461
1981,cheese,other,8.031361157736361
1982,cheese,other,8.597416748496908
1983,cheese,other,8.956855749081335
1984,cheese,other,9.621486113696752
1985,cheese,other,10.357803628190181
1986,cheese,other,10.996189502640753
1987,cheese,other,11.692402102107048
1988,cheese,other,12.21287154978553
1989,cheese,other,12.762696994444939
1990,cheese,other,13.48035837078023
1991,cheese,other,13.901693537888619
1992,cheese,other,14.59112707965153
1993,cheese,other,14.71543294076963
1994,cheese,other,15.128794090405263
1995,cheese,other,14.984726029577795
1996,cheese,other,15.260577453721643
1997,cheese,other,15.473336726975269
1998,cheese,other,15.630749786497363
1999,cheese,other,16.180443478987584
2000,cheese,other,16.854008572852067
2001,cheese,other,16.991949138291986
2002,cheese,other,17.401370946295824
2003,cheese,other,17.69586489156599
2004,cheese,other,18.09621507621256
2005,cheese,other,18.662967319508706
2006,cheese,other,19.09772384586447
2007,cheese,other,19.8810547212104
2008,cheese,other,19.01825666772558
2009,cheese,other,18.901668706765363
2010,cheese,other,19.418264790651488
2011,cheese,other,19.971067753522306
2012,cheese,other,20.030043679960606
2013,cheese,other,20.076449725886675
2014,cheese,other,20.48825491882123
2015,cheese,other,21.04539401001849
2016,cheese,other,22.04577587895733
2017,cheese,other,21.874379869961317
1975,cheese,cottage,4.5885365300292165
1976,cheese,cottage,4.632283807645561
1977,cheese,cottage,4.617710759674717
1978,cheese,cottage,4.60048970056383
1979,cheese,cottage,4.434471573615339
1980,cheese,cottage,4.408807075169283
1981,cheese,cottage,4.270196463825087
1982,cheese,cottage,4.1604217272210455
1983,cheese,cottage,4.088652921167529
1984,cheese,cottage,4.082962411359521
1985,cheese,cottage,4.025731131482056
1986,cheese,cottage,4.030733302583409
1987,cheese,cottage,3.8920281379219452
1988,cheese,cottage,3.8282432934319917
1989,cheese,cottage,3.5295259195769417
1990,cheese,cottage,3.326243743303536
1991,cheese,cottage,3.2308584457953473
1992,cheese,cottage,3.0635203624841374
1993,cheese,cottage,2.8741042439146223
1994,cheese,cottage,2.774867520004859
1995,cheese,cottage,2.66734694643172
1996,cheese,cottage,2.558711299491595
1997,cheese,cottage,2.586923942237579
1998,cheese,cottage,2.6365825833438965
1999,cheese,cottage,2.577928634342306
2000,cheese,cottage,2.6028294704038815
2001,cheese,cottage,2.6006890774563716
2002,cheese,cottage,2.596275663386612
2003,cheese,cottage,2.6476891859371503
2004,cheese,cottage,2.6545067313980115
2005,cheese,cottage,2.6503596642728304
2006,cheese,cottage,2.602043021838181
2007,cheese,cottage,2.5628806662133456
2008,cheese,cottage,2.3425368928481074
2009,cheese,cottage,2.3777043076904723
2010,cheese,cottage,2.321166591598396
2011,cheese,cottage,2.2559668721519217
2012,cheese,cottage,2.255592405735326
2013,cheese,cottage,2.141939466667688
2014,cheese,cottage,2.0947105698267503
2015,cheese,cottage,2.1196769018518533
2016,cheese,cottage,2.1537250850701324
2017,cheese,cottage,2.0709372907547974
1975,evap,cnd,3.9499320133677016
1976,evap,cnd,3.791703260916143
1977,evap,cnd,3.2655687492458334
1978,evap,cnd,3.148379297549316
1979,evap,cnd,3.120395840373021
1980,evap,cnd,2.885797459160508
1981,evap,cnd,2.993211438655304
1982,evap,cnd,2.848200883961779
1983,evap,cnd,2.756423427880284
1984,evap,cnd,2.5359226652917575
1985,evap,cnd,2.3913473969031043
1986,evap,cnd,2.2828761364369607
1987,evap,cnd,2.284641215140273
1988,evap,cnd,2.221794931282981
1989,evap,cnd,2.0270746582701995
1990,evap,cnd,2.2256003694408513
1991,evap,cnd,2.0749804827099876
1992,evap,cnd,2.120906611737618
1993,evap,cnd,1.9448141050612957
1994,evap,cnd,1.8380117049203364
1995,evap,cnd,1.391559456274975
1996,evap,cnd,1.3674824245944657
1997,evap,cnd,1.7485403567328028
1998,evap,cnd,1.4307118938072105
1999,evap,cnd,1.515559988909844
2000,evap,cnd,1.510101296979977
2001,evap,cnd,1.5357327305298407
2002,evap,cnd,1.8978309244574145
2003,evap,cnd,1.9543956313071524
2004,evap,cnd,1.6723747897750907
2005,evap,cnd,1.7240567701287641
2006,evap,cnd,1.6421907881045088
2007,evap,cnd,1.516508026522586
2008,evap,cnd,1.6640648770902717
2009,evap,cnd,1.6612848605988808
2010,evap,cnd,1.4675153440166677
2011,evap,cnd,1.4773925829834487
2012,evap,cnd,1.4357439526732476
2013,evap,cnd,1.406200642011865
2014,evap,cnd,0.9401439523311544
2015,evap,cnd,1.353309421848661
2016,evap,cnd,1.3898545760228078
2017,evap,cnd,1.1342279644243676
1975,evap,cnd,1.238596182286385
1976,evap,cnd,1.1008644461033725
1977,evap,cnd,1.0038022522570784
1978,evap,cnd,0.9007974214569062
1979,evap,cnd,0.9374522412070366
1980,evap,cnd,0.8767680801279348
1981,evap,cnd,1.0503819621082877
1982,evap,cnd,1.1375735746665738
1983,evap,cnd,1.0643629762817777
1984,evap,cnd,1.1916189259211993
1985,evap,cnd,1.2855583255059606
1986,evap,cnd,1.3645593614417098
1987,evap,cnd,1.4618744930029202
1988,evap,cnd,1.2765909213582214
1989,evap,cnd,1.0458931353111574
1990,evap,cnd,0.9224774454728744
1991,evap,cnd,1.0797811872375056
1992,evap,cnd,1.0661316219307435
1993,evap,cnd,0.8668590616405929
1994,evap,cnd,0.6956397322408722
1995,evap,cnd,0.5903127311472266
1996,evap,cnd,0.6351712857753605
1997,evap,cnd,0.7275498844329983
1998,evap,cnd,0.5300441606581393
1999,evap,cnd,0.5268689506806944
2000,evap,cnd,0.4976112213901611
2001,evap,cnd,0.4759473956565366
2002,evap,cnd,0.44006637198420806
2003,evap,cnd,0.6911580936971918
2004,evap,cnd,0.6090635673844287
2005,evap,cnd,0.6240772651779297
2006,evap,cnd,0.6248498160106158
2007,evap,cnd,0.5642609144196598
2008,evap,cnd,0.673404155122206
2009,evap,cnd,0.6252611626090225
2010,evap,cnd,0.4932882339167762
2011,evap,cnd,0.43913985573702796
2012,evap,cnd,0.5581833485054835
2013,evap,cnd,0.4688602208381135
2014,evap,cnd,0.4598084870478639
2015,evap,cnd,0.8176645433020329
2016,evap,cnd,0.6505546221278262
2017,evap,cnd,0.6112231632291961
1975,evap,cnd,3.5253064040412454
1976,evap,cnd,3.5905061114041326
1977,evap,cnd,3.879376495534397
1978,evap,cnd,3.469461104746501
1979,evap,cnd,3.332083268534358
1980,evap,cnd,3.2818167446844013
1981,evap,cnd,3.157588513084543
1982,evap,cnd,3.0182955191482765
1983,evap,cnd,3.122147439043648
1984,evap,cnd,3.6937862812462976
1985,evap,cnd,3.8222975183044965
1986,evap,cnd,4.280588902601693
1987,evap,cnd,4.238768718801997
1988,evap,cnd,4.272976602005543
1989,evap,cnd,4.715054459008175
1990,evap,cnd,4.751723090208371
1991,evap,cnd,4.987013448103103
1992,evap,cnd,5.212056334519295
1993,evap,cnd,5.338925284816814
1994,evap,cnd,5.377230143184683
1995,evap,cnd,4.485772273847619
1996,evap,cnd,4.016598248951484
1997,evap,cnd,3.944040364807575
1998,evap,cnd,4.057269615920902
1999,evap,cnd,4.402629487207029
2000,evap,cnd,3.824587000017707
2001,evap,cnd,3.4510478113203575
2002,evap,cnd,3.7407264712518002
2003,evap,cnd,3.299010410005536
2004,evap,cnd,3.249307063848571
2005,evap,cnd,3.721864625867667
2006,evap,cnd,4.224747954256552
2007,evap,cnd,5.584490481956232
2008,evap,cnd,5.107206151688234
2009,evap,cnd,4.9842894895522925
2010,evap,cnd,5.213327251424897
2011,evap,cnd,5.244674347977506
2012,evap,cnd,5.344061511945541
2013,evap,cnd,5.312945001350813
2014,evap,cnd,5.434002204940009
2015,evap,cnd,5.507524434357605
2016,evap,cnd,5.392729853466911
2017,evap,cnd,5.123557150377034
1975,frozen,ice,18.20505340945396
1976,frozen,ice,17.638452542023067
1977,frozen,ice,17.288945191360295
1978,frozen,ice,17.22532964934744
1979,frozen,ice,16.943413832174357
1980,frozen,ice,17.11750085629221
1981,frozen,ice,16.99642555856083
1982,frozen,ice,17.228711216772616
1983,frozen,ice,17.665285288104926
1984,frozen,ice,17.76956014013235
1985,frozen,ice,17.747603431935786
1986,frozen,ice,18.011975848843342
1987,frozen,ice,17.9309237080114
1988,frozen,ice,16.87814513857996
1989,frozen,ice,15.75025672954856
1990,frozen,ice,15.397470135768316
1991,frozen,ice,15.85842607093687
1992,frozen,ice,15.64302786363247
1993,frozen,ice,15.453689650535052
1994,frozen,ice,15.415129291364886
1995,frozen,ice,14.989664499525428
1996,frozen,ice,15.09083425113195
1997,frozen,ice,15.534001927368262
1998,frozen,ice,15.710482950944352
1999,frozen,ice,16.179008500003576
2000,frozen,ice,16.096109920852737
2001,frozen,ice,15.774476094339821
2002,frozen,ice,16.197566859304768
2003,frozen,ice,15.901952479590836
2004,frozen,ice,14.620914033901734
2005,frozen,ice,15.107387711790073
2006,frozen,ice,15.311919489176812
2007,frozen,ice,14.76172906724253
2008,frozen,ice,14.235340790446294
2009,frozen,ice,13.922743527548969
2010,frozen,ice,13.951857661906518
2011,frozen,ice,13.213108244238663
2012,frozen,ice,13.167060435623931
2013,frozen,ice,13.041188965197957
2014,frozen,ice,12.468231581868475
2015,frozen,ice,12.856883128912283
2016,frozen,ice,12.919260517472344
2017,frozen,ice,12.736724546428839
1975,frozen,ice,6.5022016640969005
1976,frozen,ice,6.1691930194693505
1977,frozen,ice,6.574221641035421
1978,frozen,ice,6.550306624435609
1979,frozen,ice,6.197151807335985
1980,frozen,ice,6.052009871512256
1981,frozen,ice,5.941313063670282
1982,frozen,ice,5.672558444019502
1983,frozen,ice,5.909767954009056
1984,frozen,ice,5.956047861627769
1985,frozen,ice,5.932501908028818
1986,frozen,ice,6.137103107820038
1987,frozen,ice,6.326502034562857
1988,frozen,ice,6.7896221140228805
1989,frozen,ice,7.1346556589661265
1990,frozen,ice,6.585722738394129
1991,frozen,ice,6.283408220345335
1992,frozen,ice,5.927736731881632
1993,frozen,ice,5.803923075445237
1994,frozen,ice,6.309312318741555
1995,frozen,ice,6.9658647118627535
1996,frozen,ice,7.000485784319177
1997,frozen,ice,7.247417656305535
1998,frozen,ice,7.551925828006447
1999,frozen,ice,7.007311292043508
2000,frozen,ice,6.640225224427644
2001,frozen,ice,6.545885338352452
2002,frozen,ice,5.79510942191215
2003,frozen,ice,6.704843043712792
2004,frozen,ice,6.512912343672683
2005,frozen,ice,5.996565349955381
2006,frozen,ice,6.123496874914557
2007,frozen,ice,6.119125931734189
2008,frozen,ice,6.107328327782565
2009,frozen,ice,6.3140897429394585
2010,frozen,ice,6.478605168316635
2011,frozen,ice,6.434312333229892
2012,frozen,ice,6.9872462633518975
2013,frozen,ice,6.033129497780654
2014,frozen,ice,6.192880096333606
2015,frozen,ice,6.489448418018988
2016,frozen,ice,6.387942422332116
2017,frozen,ice,6.654305022100858
1975,frozen,sherbet,1.3487797085746829
1976,frozen,sherbet,1.364459834430252
1977,frozen,sherbet,1.3562538878218662
1978,frozen,sherbet,1.2947862614282184
1979,frozen,sherbet,1.202817089155984
1980,frozen,sherbet,1.1904657351378412
1981,frozen,sherbet,1.193219867284729
1982,frozen,sherbet,1.177924785087946
1983,frozen,sherbet,1.2223279714221085
1984,frozen,sherbet,1.2054258974055205
1985,frozen,sherbet,1.2127515033589693
1986,frozen,sherbet,1.2387232963918704
1987,frozen,sherbet,1.235564488229189
1988,frozen,sherbet,1.277849653703152
1989,frozen,sherbet,1.2755617727680701
1990,frozen,sherbet,1.2029648345673485
1991,frozen,sherbet,1.1175851009692577
1992,frozen,sherbet,1.1580651942046136
1993,frozen,sherbet,1.1630900463007434
1994,frozen,sherbet,1.2249654565055652
1995,frozen,sherbet,1.2016191658819688
1996,frozen,sherbet,1.1673656769274696
1997,frozen,sherbet,1.1608179956102906
1998,frozen,sherbet,1.1813918113829383
1999,frozen,sherbet,1.1693770721891623
2000,frozen,sherbet,1.100979159657914
2001,frozen,sherbet,1.104767112148583
2002,frozen,sherbet,1.184984641016296
2003,frozen,sherbet,1.1147803040010704
2004,frozen,sherbet,1.1214353854981844
2005,frozen,sherbet,1.1394858429198473
2006,frozen,sherbet,1.1896487183391269
2007,frozen,sherbet,1.2470036936640128
2008,frozen,sherbet,1.1358351152717294
2009,frozen,sherbet,1.0382533721132676
2010,frozen,sherbet,0.9549389120929145
2011,frozen,sherbet,0.8777121111966072
2012,frozen,sherbet,0.8389276691007128
2013,frozen,sherbet,0.8792061262147751
2014,frozen,sherbet,0.9115753931865814
2015,frozen,sherbet,0.8276388960387779
2016,frozen,sherbet,0.8200841285188137
2017,frozen,sherbet,0.8029100577637488
1975,frozen,other,1.8168937783889652
1976,frozen,other,1.6781709358589216
1977,frozen,other,1.6277770966994947
1978,frozen,other,1.51178201585911
1979,frozen,other,1.4134322721112618
1980,frozen,other,1.3489895751912389
1981,frozen,other,1.6885104754615896
1982,frozen,other,1.711544093579341
1983,frozen,other,1.708869133231188
1984,frozen,other,1.793118621693435
1985,frozen,other,2.6771112024355674
1986,frozen,other,2.2630282026669324
1987,frozen,other,2.28497059356518
1988,frozen,other,2.3369425477816184
1989,frozen,other,4.126270508041497
1990,frozen,other,4.984168359106393
1991,frozen,other,5.862883787718005
1992,frozen,other,5.773587549728681
1993,frozen,other,6.539739870511614
1994,frozen,other,6.471021424558527
1995,frozen,other,5.709848175061994
1996,frozen,other,4.332380306081204
1997,frozen,other,3.8558357852926415
1998,frozen,other,4.02766963040762
1999,frozen,other,3.8207050634814923
2000,frozen,other,3.6963719744320693
2001,frozen,other,3.0906841354461303
2002,frozen,other,3.0901928116485307
2003,frozen,other,2.928963179975668
2004,frozen,other,2.9097346571768448
2005,frozen,other,2.9498334250639133
2006,frozen,other,2.9960284562501838
2007,frozen,other,3.13042297395103
2008,frozen,other,3.076794255060161
2009,frozen,other,2.513015524106236
2010,frozen,other,2.5600627359353654
2011,frozen,other,2.777979661176848
2012,frozen,other,2.7541133224895225
2013,frozen,other,3.00155853581264
2014,frozen,other,2.8789727158052987
2015,frozen,other,3.0603029807646727
2016,frozen,other,2.792735626809735
2017,frozen,other,2.898391790483047
1975,dry,whole,0.1
1976,dry,whole,0.2
1977,dry,whole,0.2
1978,dry,whole,0.3
1979,dry,whole,0.3
1980,dry,whole,0.3
1981,dry,whole,0.4
1982,dry,whole,0.4
1983,dry,whole,0.4
1984,dry,whole,0.4
1985,dry,whole,0.4
1986,dry,whole,0.5
1987,dry,whole,0.5
1988,dry,whole,0.6
1989,dry,whole,0.5
1990,dry,whole,0.6
1991,dry,whole,0.4
1992,dry,whole,0.5
1993,dry,whole,0.4
1994,dry,whole,0.4
1995,dry,whole,0.4
1996,dry,whole,0.48635293717102945
1997,dry,whole,0.3848943010259755
1998,dry,whole,0.4438702957166398
1999,dry,whole,0.3958455032651129
2000,dry,whole,0.26485996991321814
2001,dry,whole,0.09892481492680989
2002,dry,whole,0.19427885094891528
2003,dry,whole,0.1826243203373263
2004,dry,whole,0.14315935404299526
2005,dry,whole,0.15175837217218777
2006,dry,whole,0.11132470829651216
2007,dry,whole,0.164556166998324
2008,dry,whole,0.09496261686777945
2009,dry,whole,0.25219150664114925
2010,dry,whole,0.2053316379817727
2011,dry,whole,0.21444153631206278
2012,dry,whole,0.17012029636094067
2013,dry,whole,0.16235898945899147
2014,dry,whole,0.1982391028828761
2015,dry,whole,0.3347230103181982
2016,dry,whole,0.26885876616816407
2017,dry,whole,0.365685680341803
1975,dry,nonfat,3.2617688322151377
1976,dry,nonfat,3.5048638979980278
1977,dry,nonfat,3.3083105172108476
1978,dry,nonfat,3.10183525394793
1979,dry,nonfat,3.282366532625358
1980,dry,nonfat,3.0110351914142437
1981,dry,nonfat,2.1449692563248477
1982,dry,nonfat,2.1209321756507657
1983,dry,nonfat,2.2359639276675476
1984,dry,nonfat,2.5203090358285243
1985,dry,nonfat,2.264612145966301
1986,dry,nonfat,2.4481219691586573
1987,dry,nonfat,2.478530007742871
1988,dry,nonfat,2.58231743401586
1989,dry,nonfat,2.1252638047723393
1990,dry,nonfat,2.8913213823101405
1991,dry,nonfat,2.5859688433211176
1992,dry,nonfat,2.8499030728627375
1993,dry,nonfat,2.4379358705884617
1994,dry,nonfat,3.4689829787880173
1995,dry,nonfat,3.412217283741088
1996,dry,nonfat,3.725067139391996
1997,dry,nonfat,3.3174650065989972
1998,dry,nonfat,3.186615966996697
1999,dry,nonfat,2.677270783367258
2000,dry,nonfat,2.6528426414368043
2001,dry,nonfat,3.3418473018876433
2002,dry,nonfat,3.077215415576041
2003,dry,nonfat,3.369785889941036
2004,dry,nonfat,4.2844064217658815
2005,dry,nonfat,4.195904908816946
2006,dry,nonfat,3.196578325451463
2007,dry,nonfat,2.8547206033888255
2008,dry,nonfat,3.0497923455618676
2009,dry,nonfat,3.992427071665588
2010,dry,nonfat,3.223081324737332
2011,dry,nonfat,3.019383864097314
2012,dry,nonfat,3.616265466436287
2013,dry,nonfat,2.9009746059902466
2014,dry,nonfat,3.1248399321873466
2015,dry,nonfat,3.271308780119968
2016,dry,nonfat,2.979584784234202
2017,dry,nonfat,2.8213282349747066
1975,dry,buttermilk,0.2
1976,dry,buttermilk,0.2
1977,dry,buttermilk,0.3
1978,dry,buttermilk,0.2
1979,dry,buttermilk,0.2
1980,dry,buttermilk,0.2
1981,dry,buttermilk,0.2
1982,dry,buttermilk,0.2
1983,dry,buttermilk,0.2
1984,dry,buttermilk,0.2
1985,dry,buttermilk,0.2
1986,dry,buttermilk,0.2
1987,dry,buttermilk,0.2
1988,dry,buttermilk,0.2
1989,dry,buttermilk,0.2
1990,dry,buttermilk,0.19149888858682618
1991,dry,buttermilk,0.23748190285333323
1992,dry,buttermilk,0.2358949605673936
1993,dry,buttermilk,0.19019807496493824
1994,dry,buttermilk,0.18372583853383742
1995,dry,buttermilk,0.2100863980311903
1996,dry,buttermilk,0.1805448942584743
1997,dry,buttermilk,0.19270751270560732
1998,dry,buttermilk,0.16985676258080873
1999,dry,buttermilk,0.1730362986673541
2000,dry,buttermilk,0.2100492400456558
2001,dry,buttermilk,0.1711800501216001
2002,dry,buttermilk,0.19450660568526762
2003,dry,buttermilk,0.19047888630517978
2004,dry,buttermilk,0.16521322768305674
2005,dry,buttermilk,0.21524971979114652
2006,dry,buttermilk,0.249087090095656
2007,dry,buttermilk,0.2314142170546748
2008,dry,buttermilk,0.25961148710669174
2009,dry,buttermilk,0.24122802266928656
2010,dry,buttermilk,0.26002702165892605
2011,dry,buttermilk,0.3039733401691874
2012,dry,buttermilk,0.3208106001558847
2013,dry,buttermilk,0.3924077331773749
2014,dry,buttermilk,0.29734228391034745
2015,dry,buttermilk,0.32995097657769823
2016,dry,buttermilk,0.3141042873696408
2017,dry,buttermilk,0.34374223397629616
1975,dry,whey,2.2
1976,dry,whey,2.4
1977,dry,whey,2.4
1978,dry,whey,2.4
1979,dry,whey,2.7
1980,dry,whey,2.7
1981,dry,whey,2.7
1982,dry,whey,2.9
1983,dry,whey,3.1
1984,dry,whey,3.2
1985,dry,whey,3.5
1986,dry,whey,3.7
1987,dry,whey,3.6
1988,dry,whey,3.5
1989,dry,whey,3.5
1990,dry,whey,3.73802632210193
1991,dry,whey,3.5744576773323136
1992,dry,whey,3.757191682172414
1993,dry,whey,3.7828283798582154
1994,dry,whey,3.7868780273007485
1995,dry,whey,4.087382080777489
1996,dry,whey,3.8340387573285213
1997,dry,whey,3.928031201543158
1998,dry,whey,4.039693936819213
1999,dry,whey,3.997920519937586
2000,dry,whey,3.743951445465533
2001,dry,whey,3.2884593356842564
2002,dry,whey,3.3519312594050423
2003,dry,whey,3.3838629817185955
2004,dry,whey,3.0220511662096707
2005,dry,whey,2.885994393726413
2006,dry,whey,2.8250891494791466
2007,dry,whey,2.2588577841950777
2008,dry,whey,2.921108190879759
2009,dry,whey,2.468395895849151
2010,dry,whey,1.890258818675733
2011,dry,whey,2.0065164636569928
2012,dry,whey,2.1548448924646486
2013,dry,whey,2.1506796820067713
2014,dry,whey,2.2359660016005822
2015,dry,whey,2.7382870216482043
2016,dry,whey,2.3538581748915424
2017,dry,whey,2.2396704280903603
